{
      "trial_num": "04-0007",
      "duration": "00:29:06",
      "time_breakdown": {
            "k8s_bootstrap": 44.99783229827881,
            "operator_deploy": 39.55245542526245,
            "trial_run": 1662.0058360099792
      },
      "num_tests": 11
}