{
      "trial_num": "04-0002",
      "duration": "00:05:33",
      "time_breakdown": {
            "k8s_bootstrap": 46.22103500366211,
            "operator_deploy": 39.92986011505127,
            "trial_run": 247.2131404876709
      },
      "num_tests": 4
}