{
      "trial_num": "03-0000",
      "duration": "00:12:04",
      "time_breakdown": {
            "k8s_bootstrap": 60.727442264556885,
            "operator_deploy": 45.07032370567322,
            "trial_run": 618.9582560062408
      },
      "num_tests": 10
}