{
      "trial_num": "00-0005",
      "duration": "00:11:00",
      "time_breakdown": {
            "k8s_bootstrap": 46.66713833808899,
            "operator_deploy": 39.54470872879028,
            "trial_run": 574.398761510849
      },
      "num_tests": 9
}