{
      "trial_num": "06-0007",
      "duration": "00:11:41",
      "time_breakdown": {
            "k8s_bootstrap": 44.827513694763184,
            "operator_deploy": 39.3733696937561,
            "trial_run": 617.2963778972626
      },
      "num_tests": 11
}