{
      "trial_num": "04-0000",
      "duration": "00:13:10",
      "time_breakdown": {
            "k8s_bootstrap": 163.36996388435364,
            "operator_deploy": 25.167534112930298,
            "trial_run": 601.5221493244171
      },
      "num_tests": 11
}