{
      "trial_num": "01-0000",
      "duration": "00:35:12",
      "time_breakdown": {
            "k8s_bootstrap": 61.18653893470764,
            "operator_deploy": 55.407984495162964,
            "trial_run": 1995.647292137146
      },
      "num_tests": 11
}