{
      "trial_num": "07-0003",
      "duration": "00:13:54",
      "time_breakdown": {
            "k8s_bootstrap": 65.14889574050903,
            "operator_deploy": 22.52487087249756,
            "trial_run": 746.3449516296387
      },
      "num_tests": 3
}