{
      "trial_num": "01-0001",
      "duration": "00:17:46",
      "time_breakdown": {
            "k8s_bootstrap": 52.40270662307739,
            "operator_deploy": 52.194490909576416,
            "trial_run": 961.6405596733093
      },
      "num_tests": 4
}