{
      "trial_num": "03-0004",
      "duration": "00:07:40",
      "time_breakdown": {
            "k8s_bootstrap": 66.3059196472168,
            "operator_deploy": 17.56202459335327,
            "trial_run": 376.9871509075165
      },
      "num_tests": 6
}