{
      "trial_num": "08-0001",
      "duration": "00:09:07",
      "time_breakdown": {
            "k8s_bootstrap": 52.21680688858032,
            "operator_deploy": 52.147239208221436,
            "trial_run": 443.53588032722473
      },
      "num_tests": 5
}