{
      "trial_num": "04-0003",
      "duration": "00:11:44",
      "time_breakdown": {
            "k8s_bootstrap": 45.93186140060425,
            "operator_deploy": 39.7160918712616,
            "trial_run": 618.5748970508575
      },
      "num_tests": 11
}