{
      "trial_num": "00-0001",
      "duration": "00:10:46",
      "time_breakdown": {
            "k8s_bootstrap": 50.616734981536865,
            "operator_deploy": 39.4725227355957,
            "trial_run": 556.1164033412933
      },
      "num_tests": 9
}