{
      "trial_num": "07-0011",
      "duration": "00:04:46",
      "time_breakdown": {
            "k8s_bootstrap": 45.8915798664093,
            "operator_deploy": 39.370832443237305,
            "trial_run": 200.81484413146973
      },
      "num_tests": 3
}