{
      "trial_num": "10-0001",
      "duration": "00:22:10",
      "time_breakdown": {
            "k8s_bootstrap": 51.683899879455566,
            "operator_deploy": 52.39808511734009,
            "trial_run": 1226.530021905899
      },
      "num_tests": 8
}