{
      "trial_num": "03-0008",
      "duration": "00:11:53",
      "time_breakdown": {
            "k8s_bootstrap": 47.39134407043457,
            "operator_deploy": 39.37453627586365,
            "trial_run": 626.28715467453
      },
      "num_tests": 10
}