{
      "trial_num": "03-0005",
      "duration": "00:13:07",
      "time_breakdown": {
            "k8s_bootstrap": 44.79618549346924,
            "operator_deploy": 39.4469997882843,
            "trial_run": 703.1924741268158
      },
      "num_tests": 12
}