{
      "trial_num": "02-0001",
      "duration": "00:11:49",
      "time_breakdown": {
            "k8s_bootstrap": 44.497302293777466,
            "operator_deploy": 39.59223437309265,
            "trial_run": 625.5836262702942
      },
      "num_tests": 10
}