{
      "trial_num": "06-0006",
      "duration": "00:02:27",
      "time_breakdown": {
            "k8s_bootstrap": 45.539437770843506,
            "operator_deploy": 39.51612854003906,
            "trial_run": 62.127405405044556
      },
      "num_tests": 1
}