{
      "trial_num": "07-0000",
      "duration": "00:39:31",
      "time_breakdown": {
            "k8s_bootstrap": 63.551475286483765,
            "operator_deploy": 54.49008059501648,
            "trial_run": 2253.5535748004913
      },
      "num_tests": 10
}