{
      "trial_num": "02-0004",
      "duration": "00:08:39",
      "time_breakdown": {
            "k8s_bootstrap": 45.21218776702881,
            "operator_deploy": 40.24523329734802,
            "trial_run": 434.0753228664398
      },
      "num_tests": 11
}