{
      "trial_num": "06-0004",
      "duration": "00:13:17",
      "time_breakdown": {
            "k8s_bootstrap": 45.54145002365112,
            "operator_deploy": 40.02199697494507,
            "trial_run": 711.8261387348175
      },
      "num_tests": 11
}