{
      "trial_num": "04-0006",
      "duration": "00:02:28",
      "time_breakdown": {
            "k8s_bootstrap": 45.64353966712952,
            "operator_deploy": 40.766698360443115,
            "trial_run": 62.06809425354004
      },
      "num_tests": 1
}