{
      "trial_num": "08-0000",
      "duration": "00:25:25",
      "time_breakdown": {
            "k8s_bootstrap": 62.005695104599,
            "operator_deploy": 129.87162971496582,
            "trial_run": 1333.48916721344
      },
      "num_tests": 10
}