{
      "trial_num": "02-0000",
      "duration": "00:27:25",
      "time_breakdown": {
            "k8s_bootstrap": 61.41531538963318,
            "operator_deploy": 130.74793004989624,
            "trial_run": 1453.513994693756
      },
      "num_tests": 11
}