{
      "trial_num": "04-0008",
      "duration": "00:08:37",
      "time_breakdown": {
            "k8s_bootstrap": 45.664928913116455,
            "operator_deploy": 39.559184074401855,
            "trial_run": 432.47828912734985
      },
      "num_tests": 7
}