{
      "trial_num": "01-0003",
      "duration": "00:09:39",
      "time_breakdown": {
            "k8s_bootstrap": 45.82842659950256,
            "operator_deploy": 39.442745208740234,
            "trial_run": 494.67646408081055
      },
      "num_tests": 9
}