{
      "trial_num": "04-0001",
      "duration": "00:19:23",
      "time_breakdown": {
            "k8s_bootstrap": 57.665579080581665,
            "operator_deploy": 52.24156737327576,
            "trial_run": 1053.6509006023407
      },
      "num_tests": 9
}