{
      "trial_num": "02-0000",
      "duration": "00:12:44",
      "time_breakdown": {
            "k8s_bootstrap": 61.49377155303955,
            "operator_deploy": 44.60451149940491,
            "trial_run": 658.7561454772949
      },
      "num_tests": 11
}