{
      "trial_num": "01-0006",
      "duration": "00:11:43",
      "time_breakdown": {
            "k8s_bootstrap": 45.228617668151855,
            "operator_deploy": 39.581488847732544,
            "trial_run": 618.5470325946808
      },
      "num_tests": 10
}