{
      "trial_num": "06-0003",
      "duration": "00:08:58",
      "time_breakdown": {
            "k8s_bootstrap": 43.96214842796326,
            "operator_deploy": 40.201802492141724,
            "trial_run": 454.7533497810364
      },
      "num_tests": 8
}