{
      "trial_num": "00-0004",
      "duration": "00:05:30",
      "time_breakdown": {
            "k8s_bootstrap": 60.43718862533569,
            "operator_deploy": 17.240835905075073,
            "trial_run": 253.0100438594818
      },
      "num_tests": 4
}