{
      "trial_num": "05-0001",
      "duration": "00:11:19",
      "time_breakdown": {
            "k8s_bootstrap": 51.74746561050415,
            "operator_deploy": 52.10002326965332,
            "trial_run": 575.8630871772766
      },
      "num_tests": 7
}