{
      "trial_num": "03-0006",
      "duration": "00:03:29",
      "time_breakdown": {
            "k8s_bootstrap": 45.726229667663574,
            "operator_deploy": 39.79011416435242,
            "trial_run": 124.25504517555237
      },
      "num_tests": 3
}