{
      "trial_num": "02-0001",
      "duration": "00:33:35",
      "time_breakdown": {
            "k8s_bootstrap": 64.49185872077942,
            "operator_deploy": 18.48094391822815,
            "trial_run": 1932.8318421840668
      },
      "num_tests": 10
}