{
      "trial_num": "00-0002",
      "duration": "00:10:40",
      "time_breakdown": {
            "k8s_bootstrap": 44.83974647521973,
            "operator_deploy": 39.62583112716675,
            "trial_run": 556.4372954368591
      },
      "num_tests": 10
}