{
      "trial_num": "07-0001",
      "duration": "00:15:28",
      "time_breakdown": {
            "k8s_bootstrap": 57.533393144607544,
            "operator_deploy": 52.236820459365845,
            "trial_run": 818.360209941864
      },
      "num_tests": 6
}