{
      "trial_num": "01-0005",
      "duration": "00:05:33",
      "time_breakdown": {
            "k8s_bootstrap": 46.013333797454834,
            "operator_deploy": 39.70728063583374,
            "trial_run": 248.2172405719757
      },
      "num_tests": 4
}