{
      "trial_num": "05-0003",
      "duration": "00:02:29",
      "time_breakdown": {
            "k8s_bootstrap": 46.543572187423706,
            "operator_deploy": 40.59746718406677,
            "trial_run": 61.98963236808777
      },
      "num_tests": 1
}