{
      "trial_num": "04-0001",
      "duration": "00:08:05",
      "time_breakdown": {
            "k8s_bootstrap": 83.63030886650085,
            "operator_deploy": 23.04291033744812,
            "trial_run": 379.1594262123108
      },
      "num_tests": 5
}