{
      "trial_num": "01-0004",
      "duration": "00:13:35",
      "time_breakdown": {
            "k8s_bootstrap": 45.385047912597656,
            "operator_deploy": 39.42114877700806,
            "trial_run": 730.6602470874786
      },
      "num_tests": 12
}