{
      "trial_num": "02-0001",
      "duration": "00:13:09",
      "time_breakdown": {
            "k8s_bootstrap": 58.991023778915405,
            "operator_deploy": 52.25228238105774,
            "trial_run": 678.052216053009
      },
      "num_tests": 8
}