{
      "trial_num": "06-0010",
      "duration": "00:04:47",
      "time_breakdown": {
            "k8s_bootstrap": 60.75149083137512,
            "operator_deploy": 39.55850601196289,
            "trial_run": 187.28902626037598
      },
      "num_tests": 5
}