{
      "trial_num": "00-0003",
      "duration": "00:10:42",
      "time_breakdown": {
            "k8s_bootstrap": 46.648123025894165,
            "operator_deploy": 39.59883642196655,
            "trial_run": 555.9136121273041
      },
      "num_tests": 9
}