{
      "trial_num": "05-0002",
      "duration": "00:13:08",
      "time_breakdown": {
            "k8s_bootstrap": 81.83222579956055,
            "operator_deploy": 22.607723474502563,
            "trial_run": 683.7841403484344
      },
      "num_tests": 8
}