{
      "trial_num": "05-0005",
      "duration": "00:07:05",
      "time_breakdown": {
            "k8s_bootstrap": 44.83902978897095,
            "operator_deploy": 39.54774737358093,
            "trial_run": 340.9124045372009
      },
      "num_tests": 5
}