{
      "trial_num": "00-0004",
      "duration": "00:12:48",
      "time_breakdown": {
            "k8s_bootstrap": 47.00935196876526,
            "operator_deploy": 39.71403431892395,
            "trial_run": 681.5855731964111
      },
      "num_tests": 11
}