{
      "trial_num": "01-0009",
      "duration": "00:05:33",
      "time_breakdown": {
            "k8s_bootstrap": 46.26953864097595,
            "operator_deploy": 39.45045781135559,
            "trial_run": 248.0859353542328
      },
      "num_tests": 7
}