{
      "trial_num": "07-0006",
      "duration": "00:11:20",
      "time_breakdown": {
            "k8s_bootstrap": 47.13057518005371,
            "operator_deploy": 40.25481986999512,
            "trial_run": 593.3410694599152
      },
      "num_tests": 10
}