{
      "trial_num": "06-0002",
      "duration": "00:21:54",
      "time_breakdown": {
            "k8s_bootstrap": 50.754759550094604,
            "operator_deploy": 52.30377173423767,
            "trial_run": 1211.4414875507355
      },
      "num_tests": 5
}