{
      "trial_num": "11-0002",
      "duration": "00:13:55",
      "time_breakdown": {
            "k8s_bootstrap": 52.109071016311646,
            "operator_deploy": 52.24577283859253,
            "trial_run": 731.6328601837158
      },
      "num_tests": 3
}