{
      "trial_num": "03-0001",
      "duration": "00:09:07",
      "time_breakdown": {
            "k8s_bootstrap": 45.04533576965332,
            "operator_deploy": 40.49594759941101,
            "trial_run": 461.4980149269104
      },
      "num_tests": 7
}