{
      "trial_num": "05-0000",
      "duration": "00:28:34",
      "time_breakdown": {
            "k8s_bootstrap": 65.25409245491028,
            "operator_deploy": 55.56579256057739,
            "trial_run": 1593.838885307312
      },
      "num_tests": 10
}