{
      "trial_num": "06-0000",
      "duration": "00:23:57",
      "time_breakdown": {
            "k8s_bootstrap": 164.17102575302124,
            "operator_deploy": 19.785897731781006,
            "trial_run": 1253.4200911521912
      },
      "num_tests": 10
}