{
      "trial_num": "10-0000",
      "duration": "00:15:36",
      "time_breakdown": {
            "k8s_bootstrap": 63.443753242492676,
            "operator_deploy": 54.47985768318176,
            "trial_run": 818.8034644126892
      },
      "num_tests": 11
}