{
      "trial_num": "00-0000",
      "duration": "00:21:46",
      "time_breakdown": {
            "k8s_bootstrap": 65.40673303604126,
            "operator_deploy": 55.44903230667114,
            "trial_run": 1186.1282181739807
      },
      "num_tests": 11
}