{
      "trial_num": "05-0004",
      "duration": "00:11:43",
      "time_breakdown": {
            "k8s_bootstrap": 46.832836627960205,
            "operator_deploy": 39.534908294677734,
            "trial_run": 617.4168674945831
      },
      "num_tests": 10
}