{
      "trial_num": "02-0003",
      "duration": "00:11:43",
      "time_breakdown": {
            "k8s_bootstrap": 45.96476697921753,
            "operator_deploy": 39.38718223571777,
            "trial_run": 618.2420024871826
      },
      "num_tests": 11
}