{
      "trial_num": "05-0006",
      "duration": "00:12:16",
      "time_breakdown": {
            "k8s_bootstrap": 46.06283164024353,
            "operator_deploy": 39.71648383140564,
            "trial_run": 650.3830235004425
      },
      "num_tests": 10
}