{
      "trial_num": "06-0001",
      "duration": "00:26:43",
      "time_breakdown": {
            "k8s_bootstrap": 74.13423728942871,
            "operator_deploy": 22.57550287246704,
            "trial_run": 1507.2845363616943
      },
      "num_tests": 8
}