{
      "trial_num": "00-0001",
      "duration": "00:13:18",
      "time_breakdown": {
            "k8s_bootstrap": 50.959840297698975,
            "operator_deploy": 52.53179311752319,
            "trial_run": 695.4531407356262
      },
      "num_tests": 9
}