{
      "trial_num": "02-0002",
      "duration": "00:02:30",
      "time_breakdown": {
            "k8s_bootstrap": 47.83396649360657,
            "operator_deploy": 40.28006362915039,
            "trial_run": 61.94377827644348
      },
      "num_tests": 1
}