{
      "trial_num": "02-0007",
      "duration": "00:09:45",
      "time_breakdown": {
            "k8s_bootstrap": 44.65613794326782,
            "operator_deploy": 39.78429818153381,
            "trial_run": 501.2812557220459
      },
      "num_tests": 9
}