{
      "trial_num": "07-0008",
      "duration": "00:03:34",
      "time_breakdown": {
            "k8s_bootstrap": 51.097049713134766,
            "operator_deploy": 39.398102045059204,
            "trial_run": 123.78458094596863
      },
      "num_tests": 2
}