{
      "trial_num": "05-0007",
      "duration": "00:08:40",
      "time_breakdown": {
            "k8s_bootstrap": 44.24391579627991,
            "operator_deploy": 41.65734934806824,
            "trial_run": 434.6532816886902
      },
      "num_tests": 7
}