{
      "trial_num": "03-0003",
      "duration": "00:22:18",
      "time_breakdown": {
            "k8s_bootstrap": 52.352781534194946,
            "operator_deploy": 52.12423896789551,
            "trial_run": 1233.5511312484741
      },
      "num_tests": 5
}