{
      "trial_num": "07-0003",
      "duration": "00:12:46",
      "time_breakdown": {
            "k8s_bootstrap": 45.20166993141174,
            "operator_deploy": 39.62577271461487,
            "trial_run": 681.292227268219
      },
      "num_tests": 11
}