{
      "trial_num": "02-0005",
      "duration": "00:02:27",
      "time_breakdown": {
            "k8s_bootstrap": 45.944652795791626,
            "operator_deploy": 39.56130766868591,
            "trial_run": 62.01959228515625
      },
      "num_tests": 1
}