{
      "trial_num": "07-0004",
      "duration": "00:02:26",
      "time_breakdown": {
            "k8s_bootstrap": 44.89759302139282,
            "operator_deploy": 39.67600417137146,
            "trial_run": 62.181862115859985
      },
      "num_tests": 1
}