{
      "trial_num": "09-0003",
      "duration": "00:15:57",
      "time_breakdown": {
            "k8s_bootstrap": 51.81441640853882,
            "operator_deploy": 52.613131284713745,
            "trial_run": 853.1052124500275
      },
      "num_tests": 9
}